UNIT,station_name,lat,lng,location_string
R001,SOUTH FERRY,40.703082,-74.012983,"40.703082,-74.012983"
R002,FULTON ST,40.709938,-74.007983,"40.709938,-74.007983"
R003,CYPRESS HILLS,40.689945,-73.872564,"40.689945,-73.872564"
R004,ELDERTS LANE,40.69132,-73.867135,"40.69132,-73.867135"
R005,FOREST PARKWAY,40.692304,-73.860151,"40.692304,-73.860151"
R006,WOODHAVEN BLVD,40.693866,-73.851568,"40.693866,-73.851568"
R007,104 ST,40.695184,-73.844326,"40.695184,-73.844326"
R008,111 ST,40.697405,-73.836354,"40.697405,-73.836354"
R009,121 ST,40.700536,-73.828382,"40.700536,-73.828382"
R010,42 ST-PA BUS TE,40.757303,-73.989787,"40.757303,-73.989787"
R011,42 ST-PA BUS TE,40.757303,-73.989787,"40.757303,-73.989787"
R012,34 ST-PENN STA,40.752247,-73.993456,"40.752247,-73.993456"
R013,34 ST-PENN STA,40.752247,-73.993456,"40.752247,-73.993456"
R014,FULTON ST,40.709938,-74.007983,"40.709938,-74.007983"
R015,5 AVE-53 ST,40.760179,-73.975196,"40.760179,-73.975196"
R016,LEXINGTON-53 ST,40.75753,-73.969102,"40.75753,-73.969102"
R017,LEXINGTON-53 ST,40.75753,-73.969102,"40.75753,-73.969102"
R018,74 ST-BROADWAY,40.746655,-73.891361,"40.746655,-73.891361"
R019,JAMAICA-179 ST,40.712622,-73.783815,"40.712622,-73.783815"
R020,47-50 ST-ROCK,40.758652,-73.981311,"40.758652,-73.981311"
R021,42 ST-BRYANT PK,40.754198,-73.984573,"40.754198,-73.984573"
R022,34 ST-HERALD SQ,40.749533,-73.987899,"40.749533,-73.987899"
R023,34 ST-HERALD SQ,40.749533,-73.987899,"40.749533,-73.987899"
R024,SUTPHIN BLVD,40.700488,-73.807933,"40.700488,-73.807933"
R025,JAMAICA CENTER,40.702131,-73.80111,"40.702131,-73.80111"
R027,WALL ST,40.706864,-74.009056,"40.706864,-74.009056"
R028,FULTON ST,40.709938,-74.007983,"40.709938,-74.007983"
R029,CHAMBERS ST,40.71433,-74.008563,"40.71433,-74.008563"
R030,CHAMBERS ST,40.715436,-74.009335,"40.715436,-74.009335"
R031,34 ST-PENN STA,40.750329,-73.991096,"40.750329,-73.991096"
R032,42 ST-TIMES SQ,40.755905,-73.986504,"40.755905,-73.986504"
R033,42 ST-TIMES SQ,40.755905,-73.986504,"40.755905,-73.986504"
R034,125 ST,40.815596,-73.958395,"40.815596,-73.958395"
R035,168 ST-BROADWAY,40.840778,-73.940091,"40.840778,-73.940091"
R036,DYCKMAN ST,40.860523,-73.925575,"40.860523,-73.925575"
R037,207 ST,40.864653,-73.918719,"40.864653,-73.918719"
R038,215 ST,40.869359,-73.915329,"40.869359,-73.915329"
R039,MARBLE HILL-225,40.874551,-73.909879,"40.874551,-73.909879"
R040,231 ST,40.878867,-73.904858,"40.878867,-73.904858"
R041,BOWLING GREEN,40.704782,-74.014099,"40.704782,-74.014099"
R042,BOWLING GREEN,40.704782,-74.014099,"40.704782,-74.014099"
R043,WALL ST,40.707466,-74.011867,"40.707466,-74.011867"
R044,BROOKLYN BRIDGE,40.713159,-74.003917,"40.713159,-74.003917"
R045,42 ST-GRD CNTRL,40.751849,-73.976945,"40.751849,-73.976945"
R046,42 ST-GRD CNTRL,40.751849,-73.976945,"40.751849,-73.976945"
R047,42 ST-GRD CNTRL,40.751849,-73.976945,"40.751849,-73.976945"
R048,42 ST-GRD CNTRL,40.751849,-73.976945,"40.751849,-73.976945"
R049,51 ST,40.757108,-73.97187,"40.757108,-73.97187"
R050,59 ST,40.762796,-73.967686,"40.762796,-73.967686"
R051,59 ST,40.762796,-73.967686,"40.762796,-73.967686"
R052,WOODLAWN ROAD,40.885973,-73.878851,"40.885973,-73.878851"
R053,149 ST-3 AVE,40.816132,-73.917754,"40.816132,-73.917754"
R054,5 AVE-BRYANT PK,40.753824,-73.981966,"40.753824,-73.981966"
R055,MAIN ST,40.759578,-73.830056,"40.759578,-73.830056"
R056,NEVINS ST,40.688269,-73.980453,"40.688269,-73.980453"
R057,ATLANTIC AVE,40.684063,-73.977417,"40.684063,-73.977417"
R058,BERGEN ST,40.680801,-73.975132,"40.680801,-73.975132"
R059,GRAND ARMY PLAZ,40.675219,-73.971012,"40.675219,-73.971012"
R060,EASTERN PKWY,40.672013,-73.96436,"40.672013,-73.96436"
R061,NOSTRAND AVE,40.669735,-73.950455,"40.669735,-73.950455"
R062,CROWN HTS-UTICA,40.669279,-73.932967,"40.669279,-73.932967"
R063,SUTTER AVE,40.664591,-73.922668,"40.664591,-73.922668"
R064,SARATOGA AVE,40.661466,-73.916316,"40.661466,-73.916316"
R065,ROCKAWAY AVE,40.662541,-73.908763,"40.662541,-73.908763"
R066,JUNIUS ST,40.663419,-73.902454,"40.663419,-73.902454"
R067,PENNSYLVANIA AV,40.664884,-73.894258,"40.664884,-73.894258"
R068,VAN SICLEN AVE,40.665405,-73.889451,"40.665405,-73.889451"
R069,NEW LOTS AVE,40.666252,-73.884087,"40.666252,-73.884087"
R070,ST. GEORGE,40.643738,-74.073622,"40.643738,-74.073622"
R076,2 BDWY CUST SRV,40.704591,-74.013273,"40.704591,-74.013273"
R079,5 AVE-59 ST,40.764909,-73.973372,"40.764909,-73.973372"
R080,57 ST-7 AVE,40.764755,-73.980646,"40.764755,-73.980646"
R081,49 ST-7 AVE,40.760139,-73.984112,"40.760139,-73.984112"
R082,28 ST-BROADWAY,40.745574,-73.988682,"40.745574,-73.988682"
R083,23 ST-5 AVE,40.741006,-73.989315,"40.741006,-73.989315"
R084,59 ST-COLUMBUS,40.76811,-73.981891,"40.76811,-73.981891"
R085,8 ST-B'WAY NYU,40.730348,-73.992705,"40.730348,-73.992705"
R086,PRINCE ST-B'WAY,40.724332,-73.997684,"40.724332,-73.997684"
R087,MURRAY ST-B'WAY,40.713086,-74.007232,"40.713086,-74.007232"
R088,CORTLANDT ST,40.710662,-74.011052,"40.710662,-74.011052"
R089,JAY ST-METROTEC,40.692182,-73.985935,"40.692182,-73.985935"
R090,BEEBE-39 AVE,40.753076,-73.93271,"40.753076,-73.93271"
R091,WASHINGTON-36 A,40.756977,-73.929373,"40.756977,-73.929373"
R092,BROADWAY-31 ST,40.761959,-73.925382,"40.761959,-73.925382"
R093,GRAND-30 AVE,40.766843,-73.921423,"40.766843,-73.921423"
R094,HOYT ST-ASTORIA,40.770426,-73.917614,"40.770426,-73.917614"
R095,DITMARS BL-31 S,40.774984,-73.912067,"40.774984,-73.912067"
R096,82 ST-JACKSON H,40.747647,-73.883786,"40.747647,-73.883786"
R097,JUNCTION BLVD,40.749143,-73.869452,"40.749143,-73.869452"
R098,CHURCH AVE,40.650494,-73.962836,"40.650494,-73.962836"
R098,CHURCH AVE,40.650494,-73.962836,"40.650494,-73.962836"
R099,DEKALB AVE,40.690612,-73.981848,"40.690612,-73.981848"
R100,METROPOLITAN AV,40.711353,-73.88958,"40.711353,-73.88958"
R101,145 ST,40.824787,-73.944232,"40.824787,-73.944232"
R102,125 ST,40.811056,-73.952386,"40.811056,-73.952386"
R103,BROADWAY-ENY,40.678848,-73.904139,"40.678848,-73.904139"
R104,167 ST,40.833773,-73.91843,"40.833773,-73.91843"
R105,14 ST,40.738007,-73.998381,"40.738007,-73.998381"
R106,CASTLE HILL AVE,40.834255,-73.851222,"40.834255,-73.851222"
R107,WESTCHESTER SQ,40.839892,-73.842952,"40.839892,-73.842952"
R108,BOROUGH HALL/CT,40.692404,-73.990151,"40.692404,-73.990151"
R109,CHURCH AVE,40.650843,-73.949575,"40.650843,-73.949575"
R110,FLATBUSH AVE,40.632836,-73.947642,"40.632836,-73.947642"
R111,23 ST,40.745924,-73.998005,"40.745924,-73.998005"
R112,FORDHAM ROAD,40.862803,-73.901034,"40.862803,-73.901034"
R113,7 AVE-53 ST,40.762877,-73.98159,"40.762877,-73.98159"
R114,PARSONS BLVD,40.707564,-73.803326,"40.707564,-73.803326"
R115,169 ST,40.710459,-73.7936,"40.710459,-73.7936"
R116,50 ST,40.761675,-73.983908,"40.761675,-73.983908"
R117,242 ST,40.889185,-73.898549,"40.889185,-73.898549"
R118,CANAL ST,40.718233,-74.000323,"40.718233,-74.000323"
R119,FORDHAM ROAD,40.862941,-73.901199,"40.862941,-73.901199"
R120,MORRISON AVE,40.829495,-73.874559,"40.829495,-73.874559"
R121,QUEENSBORO PLZ,40.750508,-73.940177,"40.750508,-73.940177"
R122,90 ST-ELMHURST,40.748541,-73.876791,"40.748541,-73.876791"
R123,FRANKLIN AVE,40.670711,-73.958051,"40.670711,-73.958051"
R124,KINGSTON AVE,40.669409,-73.942173,"40.669409,-73.942173"
R125,BROAD ST,40.706539,-74.011052,"40.706539,-74.011052"
R126,175 ST,40.847369,-73.939683,"40.847369,-73.939683"
R127,JAY ST-METROTEC,40.692338,-73.987342,"40.692338,-73.987342"
R128,SUTPHIN BLVD,40.705416,-73.810562,"40.705416,-73.810562"
R129,BERGEN ST,40.686154,-73.990881,"40.686154,-73.990881"
R130,KINGS HIGHWAY,40.603234,-73.972342,"40.603234,-73.972342"
R131,23 ST,40.740088,-73.986429,"40.740088,-73.986429"
R132,125 ST,40.804406,-73.937452,"40.804406,-73.937452"
R133,MOSHOLU PARKWAY,40.87963,-73.884666,"40.87963,-73.884666"
R134,HUNTERS PT AVE,40.74238,-73.948889,"40.74238,-73.948889"
R135,NEWKIRK AVE,40.639961,-73.948352,"40.639961,-73.948352"
R136,SHEEPSHEAD BAY,40.58681,-73.954167,"40.58681,-73.954167"
R137,MYRTLE AVE,40.699707,-73.91181,"40.699707,-73.91181"
R138,W 4 ST-WASH SQ,40.732251,-74.000559,"40.732251,-74.000559"
R139,CANAL ST,40.720852,-74.005237,"40.720852,-74.005237"
R140,QUEENS PLAZA,40.748948,-73.937194,"40.748948,-73.937194"
R141,FOREST HILLS-71,40.721681,-73.84439,"40.721681,-73.84439"
R142,DELANCEY ST,40.71838,-73.987813,"40.71838,-73.987813"
R143,28 ST,40.743095,-73.984251,"40.743095,-73.984251"
R144,96 ST,40.785822,-73.95097,"40.785822,-73.95097"
R145,WAKEFIELD-241,40.903085,-73.850591,"40.903085,-73.850591"
R146,HUNTS POINT AVE,40.820889,-73.890567,"40.820889,-73.890567"
R147,61 ST/WOODSIDE,40.745623,-73.902969,"40.745623,-73.902969"
R148,PARKSIDE AVE,40.655053,-73.961227,"40.655053,-73.961227"
R149,NEWKIRK AVE,40.635059,-73.962793,"40.635059,-73.962793"
R150,AVE U,40.599307,-73.955916,"40.599307,-73.955916"
R151,STILLWELL AVE,40.577423,-73.981225,"40.577423,-73.981225"
R152,ROCKAWAY PKY,40.64666,-73.901832,"40.64666,-73.901832"
R153,UTICA AVE,40.679279,-73.930585,"40.679279,-73.930585"
R154,TREMONT AVE,40.850307,-73.905244,"40.850307,-73.905244"
R155,KINGSBRIDGE RD,40.866974,-73.893485,"40.866974,-73.893485"
R156,BEDFORD PARK BL,40.873026,-73.886919,"40.873026,-73.886919"
R157,NORWOOD-205 ST,40.874827,-73.878872,"40.874827,-73.878872"
R158,UNION TPK-KEW G,40.714444,-73.830979,"40.714444,-73.830979"
R159,116 ST-COLUMBIA,40.80819,-73.964124,"40.80819,-73.964124"
R160,ASTOR PLACE,40.730056,-73.991042,"40.730056,-73.991042"
R161,KINGSBRIDGE RD,40.867899,-73.897326,"40.867899,-73.897326"
R162,ELDER AVE,40.828894,-73.879559,"40.828894,-73.879559"
R163,14 ST-6 AVE,40.737348,-73.9969,"40.737348,-73.9969"
R164,66 ST-LINCOLN,40.773424,-73.982234,"40.773424,-73.982234"
R165,TOMPKINSVILLE,40.636948,-74.074824,"40.636948,-74.074824"
R166,79 ST,40.783872,-73.979938,"40.783872,-73.979938"
R167,86 ST,40.788844,-73.97599,"40.788844,-73.97599"
R168,96 ST,40.79388,-73.972363,"40.79388,-73.972363"
R169,137 ST-CITY COL,40.821994,-73.953674,"40.821994,-73.953674"
R170,14 ST-UNION SQ,40.734836,-73.990688,"40.734836,-73.990688"
R171,7 AVE,40.677172,-73.972514,"40.677172,-73.972514"
R172,BRIGHTON BEACH,40.577961,-73.961806,"40.577961,-73.961806"
R173,INWOOD-207 ST,40.868045,-73.919921,"40.868045,-73.919921"
R174,181 ST,40.851686,-73.937967,"40.851686,-73.937967"
R175,14 ST,40.740388,-74.002104,"40.740388,-74.002104"
R176,33 ST,40.746119,-73.981826,"40.746119,-73.981826"
R177,68ST-HUNTER COL,40.768143,-73.964016,"40.768143,-73.964016"
R178,77 ST,40.773636,-73.959875,"40.773636,-73.959875"
R179,86 ST,40.779485,-73.955541,"40.779485,-73.955541"
R180,103 ST,40.790582,-73.947473,"40.790582,-73.947473"
R181,110 ST,40.795066,-73.944297,"40.795066,-73.944297"
R182,116 ST,40.798574,-73.941593,"40.798574,-73.941593"
R183,BEDFORD PARK BL,40.873399,-73.890084,"40.873399,-73.890084"
R184,CORTELYOU ROAD,40.640905,-73.963866,"40.640905,-73.963866"
R185,DYCKMAN-200 ST,40.865286,-73.92698,"40.865286,-73.92698"
R186,86 ST,40.785822,-73.968952,"40.785822,-73.968952"
R187,81 ST-MUSEUM,40.781435,-73.972149,"40.781435,-73.972149"
R188,50 ST,40.762439,-73.985989,"40.762439,-73.985989"
R189,CHRISTOPHER ST,40.733405,-74.002898,"40.733405,-74.002898"
R190,23 ST,40.744071,-73.995624,"40.744071,-73.995624"
R191,103 ST,40.799354,-73.968329,"40.799354,-73.968329"
R192,110 ST-CATHEDRL,40.804032,-73.966742,"40.804032,-73.966742"
R193,157 ST,40.833879,-73.944726,"40.833879,-73.944726"
R194,BLEECKER ST,40.725665,-73.995645,"40.725665,-73.995645"
R195,161 ST-YANKEE,40.827888,-73.925736,"40.827888,-73.925736"
R196,PROSPECT PARK,40.661596,-73.962193,"40.661596,-73.962193"
R197,36 ST,40.65515,-74.003477,"40.65515,-74.003477"
R198,NOSTRAND AVE,40.68041,-73.950326,"40.68041,-73.950326"
R199,KINGSTON-THROOP,40.679921,-73.940858,"40.679921,-73.940858"
R200,EUCLID AVE,40.675382,-73.87207,"40.675382,-73.87207"
R201,WOODHAVEN BLVD,40.73308,-73.869259,"40.73308,-73.869259"
R202,63 DR-REGO PARK,40.729869,-73.86161,"40.729869,-73.86161"
R203,23 ST-6 AVE,40.742868,-73.99277,"40.742868,-73.99277"
R204,CHURCH AVE,40.644039,-73.979541,"40.644039,-73.979541"
R205,149 ST-GR CONC,40.818429,-73.926927,"40.818429,-73.926927"
R206,125 ST,40.808076,-73.945906,"40.808076,-73.945906"
R207,135 ST,40.814459,-73.940992,"40.814459,-73.940992"
R208,103 ST-CORONA,40.749858,-73.862672,"40.749858,-73.862672"
R209,STERLING ST,40.662752,-73.950605,"40.662752,-73.950605"
R210,BEVERLY ROAD,40.645089,-73.948975,"40.645089,-73.948975"
R211,KINGS HIGHWAY,40.608691,-73.957772,"40.608691,-73.957772"
R212,59 ST,40.641426,-74.017972,"40.641426,-74.017972"
R213,BAY RIDGE AVE,40.634945,-74.023411,"40.634945,-74.023411"
R214,77 ST,40.629702,-74.025514,"40.629702,-74.025514"
R215,86 ST,40.622715,-74.028368,"40.622715,-74.028368"
R216,BAY RIDGE-95 ST,40.616624,-74.030964,"40.616624,-74.030964"
R217,HOYT/SCHERMER,40.688465,-73.985474,"40.688465,-73.985474"
R218,ELMHURST AVE,40.742445,-73.882005,"40.742445,-73.882005"
R219,67 AVE,40.726462,-73.85263,"40.726462,-73.85263"
R220,CARROLL ST,40.680231,-73.99498,"40.680231,-73.99498"
R221,167 ST,40.835535,-73.92138,"40.835535,-73.92138"
R222,E 177 ST-PARKCH,40.833246,-73.860805,"40.833246,-73.860805"
R223,46 ST-BLISS ST,40.743079,-73.918419,"40.743079,-73.918419"
R224,CLARK ST,40.697356,-73.992888,"40.697356,-73.992888"
R225,HOYT ST,40.690547,-73.985066,"40.690547,-73.985066"
R226,GUN HILL ROAD,40.877796,-73.866341,"40.877796,-73.866341"
R227,RECTOR ST,40.707222,-74.013391,"40.707222,-74.013391"
R228,AVE J,40.625028,-73.960819,"40.625028,-73.960819"
R229,AVE M,40.617568,-73.95936,"40.617568,-73.95936"
R230,NECK ROAD,40.595234,-73.95509,"40.595234,-73.95509"
R231,UNION ST,40.677302,-73.983135,"40.677302,-73.983135"
R232,45 ST,40.648866,-74.010086,"40.648866,-74.010086"
R233,53 ST,40.644959,-74.014034,"40.644959,-74.014034"
R234,50 ST,40.636232,-73.994765,"40.636232,-73.994765"
R235,BEDFORD AVE,40.717241,-73.956614,"40.717241,-73.956614"
R236,DEKALB AVE,40.703839,-73.91844,"40.703839,-73.91844"
R237,182-183 ST,40.856085,-73.900695,"40.856085,-73.900695"
R238,STEINWAY ST,40.756864,-73.920736,"40.756864,-73.920736"
R239,GREENPOINT AVE,40.731324,-73.954425,"40.731324,-73.954425"
R240,GRAND ST,40.718542,-73.994164,"40.718542,-73.994164"
R241,15 ST-PROSPECT,40.660376,-73.979509,"40.660376,-73.979509"
R242,18 AVE,40.629881,-73.977149,"40.629881,-73.977149"
R243,170 ST,40.840048,-73.917775,"40.840048,-73.917775"
R244,BURNSIDE AVE,40.85339,-73.907733,"40.85339,-73.907733"
R245,ST LAWRENCE AVE,40.8315,-73.867623,"40.8315,-73.867623"
R246,PROSPECT AVE,40.665438,-73.992856,"40.665438,-73.992856"
R247,55 ST,40.631412,-73.995473,"40.631412,-73.995473"
R248,1 AVE,40.730901,-73.981719,"40.730901,-73.981719"
R249,GRAHAM AVE,40.71459,-73.944104,"40.71459,-73.944104"
R250,GRAND ST,40.711874,-73.94067,"40.711874,-73.94067"
R251,96 ST,40.791654,-73.964682,"40.791654,-73.964682"
R252,HIGH ST,40.699316,-73.990474,"40.699316,-73.990474"
R253,174-175 ST,40.845892,-73.910136,"40.845892,-73.910136"
R254,GRAND AV-NEWTON,40.736998,-73.877242,"40.736998,-73.877242"
R255,VAN WYCK BLVD,40.709174,-73.820593,"40.709174,-73.820593"
R256,NASSAU AV,40.724608,-73.951271,"40.724608,-73.951271"
R257,EAST BROADWAY,40.713647,-73.990152,"40.713647,-73.990152"
R258,4 AVE,40.67032,-73.988757,"40.67032,-73.988757"
R259,ROOSEVELT IS,40.759123,-73.953266,"40.759123,-73.953266"
R260,181 ST,40.849495,-73.933632,"40.849495,-73.933632"
R261,40 ST-LOWERY ST,40.743778,-73.923998,"40.743778,-73.923998"
R262,BEVERLEY ROAD,40.643982,-73.96451,"40.643982,-73.96451"
R263,AVE H,40.629164,-73.961678,"40.629164,-73.961678"
R264,OCEAN PARKWAY,40.576298,-73.968523,"40.576298,-73.968523"
R265,MONTROSE AVE,40.707889,-73.940005,"40.707889,-73.940005"
R266,HALSEY ST,40.695607,-73.904021,"40.695607,-73.904021"
R267,46 ST,40.756312,-73.913333,"40.756312,-73.913333"
R268,LORIMER ST,40.713875,-73.951592,"40.713875,-73.951592"
R269,BEDFORD/NOSTRAN,40.689636,-73.953459,"40.689636,-73.953459"
R270,SMITH-9 ST,40.673714,-73.996139,"40.673714,-73.996139"
R271,AVE X,40.589547,-73.974295,"40.589547,-73.974295"
R272,28 ST,40.747224,-73.99336,"40.747224,-73.99336"
R273,145 ST,40.826426,-73.950412,"40.826426,-73.950412"
R274,191 ST,40.855176,-73.929384,"40.855176,-73.929384"
R275,183 ST,40.858389,-73.903828,"40.858389,-73.903828"
R276,VERNON/JACKSON,40.742624,-73.953545,"40.742624,-73.953545"
R277,PRESIDENT ST,40.667879,-73.950648,"40.667879,-73.950648"
R278,25 ST,40.660481,-73.998059,"40.660481,-73.998059"
R279,JEFFERSON ST,40.706636,-73.922925,"40.706636,-73.922925"
R280,190 ST,40.859022,-73.93419,"40.859022,-73.93419"
R281,72 ST,40.775545,-73.976398,"40.775545,-73.976398"
R282,SPRING ST,40.726202,-74.003627,"40.726202,-74.003627"
R283,LAFAYETTE AVE,40.68617,-73.973908,"40.68617,-73.973908"
R284,CLINTON-WASH AV,40.683263,-73.965838,"40.683263,-73.965838"
R285,FAR ROCKAWAY,40.603983,-73.755383,"40.603983,-73.755383"
R286,MYRTLE-WILLOUGH,40.694568,-73.949046,"40.694568,-73.949046"
R287,CLASSON AVE,40.688855,-73.960025,"40.688855,-73.960025"
R288,7 AV-PARK SLOPE,40.666276,-73.980324,"40.666276,-73.980324"
R289,FT HAMILTON PKY,40.650722,-73.975818,"40.650722,-73.975818"
R290,HOUSTON ST,40.728202,-74.005344,"40.728202,-74.005344"
R291,33 ST/RAWSON ST,40.744558,-73.930993,"40.744558,-73.930993"
R292,BAYCHESTER AVE,40.878656,-73.838596,"40.878656,-73.838596"
R293,34 ST-PENN STA,40.750264,-73.992984,"40.750264,-73.992984"
R294,MORGAN AVE,40.706148,-73.93316,"40.706148,-73.93316"
R295,WILSON AVE,40.688676,-73.903999,"40.688676,-73.903999"
R296,163 ST-AMSTERDM,40.835957,-73.939898,"40.835957,-73.939898"
R297,FRANKLIN AVE,40.681159,-73.956056,"40.681159,-73.956056"
R298,NORTHERN BLVD,40.752898,-73.905973,"40.752898,-73.905973"
R299,BROADWAY,40.7061,-73.950348,"40.7061,-73.950348"
R300,2 AVE,40.723291,-73.989873,"40.723291,-73.989873"
R301,YORK ST,40.699756,-73.98689,"40.699756,-73.98689"
R302,57 ST,40.763625,-73.977449,"40.763625,-73.977449"
R303,21 ST,40.7541,-73.94258,"40.7541,-73.94258"
R304,RECTOR ST,40.70784,-74.013691,"40.70784,-74.013691"
R305,CORTLANDT ST,40.710454,-74.011324,"40.710454,-74.011324"
R306,238 ST,40.884821,-73.900759,"40.884821,-73.900759"
R307,138 ST-GR CONC,40.813208,-73.929877,"40.813208,-73.929877"
R308,MT EDEN AVE,40.844406,-73.914621,"40.844406,-73.914621"
R309,176 ST,40.848635,-73.912497,"40.848635,-73.912497"
R310,111 ST,40.75176,-73.855183,"40.75176,-73.855183"
R311,BOWERY,40.720315,-73.994014,"40.720315,-73.994014"
R312,W 8 ST-AQUARIUM,40.576152,-73.975925,"40.576152,-73.975925"
R313,BUSHWICK AVE,40.682558,-73.905501,"40.682558,-73.905501"
R314,103 ST,40.796105,-73.961399,"40.796105,-73.961399"
R315,155 ST,40.829934,-73.938632,"40.829934,-73.938632"
R316,FLUSHING AVE,40.700374,-73.950284,"40.700374,-73.950284"
R317,CLINTON-WASH AV,40.688123,-73.966742,"40.688123,-73.966742"
R318,FULTON ST,40.68713,-73.975346,"40.68713,-73.975346"
R319,LEXINGTON AVE,40.764763,-73.966291,"40.764763,-73.966291"
R320,CANAL ST,40.722819,-74.006267,"40.722819,-74.006267"
R321,18 ST,40.741096,-73.997877,"40.741096,-73.997877"
R322,SPRING ST,40.722397,-73.997211,"40.722397,-73.997211"
R323,110 ST-CPN,40.79911,-73.951807,"40.79911,-73.951807"
R324,116 ST,40.802098,-73.949625,"40.802098,-73.949625"
R325,WHITLOCK AVE,40.826508,-73.886425,"40.826508,-73.886425"
R326,ZEREGA AVE,40.83646,-73.846471,"40.83646,-73.846471"
R327,52 ST-LINCOLN,40.744103,-73.912497,"40.744103,-73.912497"
R328,METS-WILLETS PT,40.754622,-73.845625,"40.754622,-73.845625"
R329,MORRIS PARK,40.854137,-73.860977,"40.854137,-73.860977"
R330,3 AVE,40.733243,-73.987169,"40.733243,-73.987169"
R331,155 ST,40.830551,-73.941486,"40.830551,-73.941486"
R332,135 ST,40.817902,-73.947644,"40.817902,-73.947644"
R333,116 ST,40.805072,-73.954833,"40.805072,-73.954833"
R334,CATHEDRL-110 ST,40.800637,-73.958201,"40.800637,-73.958201"
R335,BEACH 67 ST,40.590867,-73.797011,"40.590867,-73.797011"
R336,BEACH 60 ST,40.592334,-73.788493,"40.592334,-73.788493"
R337,BEACH 44 ST,40.593214,-73.776433,"40.593214,-73.776433"
R338,BEACH 36 ST,40.595381,-73.768194,"40.595381,-73.768194"
R339,36 ST,40.75202,-73.92874,"40.75202,-73.92874"
R340,65 ST,40.749663,-73.898485,"40.749663,-73.898485"
R341,75 AVE,40.718477,-73.837223,"40.718477,-73.837223"
R342,JAMAICA-VAN WYC,40.702566,-73.816859,"40.702566,-73.816859"
R343,FRANKLIN ST,40.719323,-74.006953,"40.719323,-74.006953"
R344,145 ST,40.820402,-73.936315,"40.820402,-73.936315"
R345,148 ST-LENOX,40.823877,-73.936443,"40.823877,-73.936443"
R346,COURT SQ,40.747029,-73.94537,"40.747029,-73.94537"
R347,69 ST-FISK AVE,40.746325,-73.896403,"40.746325,-73.896403"
R348,ATLANTIC AVE,40.675496,-73.902819,"40.675496,-73.902819"
R349,SUTTER AVE,40.669376,-73.902047,"40.669376,-73.902047"
R350,LIVONIA AVE,40.663801,-73.900444,"40.663801,-73.900444"
R352,HEWES ST,40.706994,-73.953481,"40.706994,-73.953481"
R353,LORIMER ST,40.703855,-73.947387,"40.703855,-73.947387"
R354,OXFORD-104 ST,40.681745,-73.837631,"40.681745,-73.837631"
R355,GREENWOOD-111,40.684364,-73.832181,"40.684364,-73.832181"
R356,LEFFERTS BLVD,40.685975,-73.824713,"40.685975,-73.824713"
R357,AQUEDUCT-N CNDT,40.668234,-73.834058,"40.668234,-73.834058"
R358,BEACH 25 ST,40.600138,-73.76152,"40.600138,-73.76152"
R359,COURT SQ-23 ST,40.747257,-73.945112,"40.747257,-73.945112"
R360,VAN ALSTON-21ST,40.743973,-73.949876,"40.743973,-73.949876"
R361,PELHAM PARKWAY,40.857188,-73.867607,"40.857188,-73.867607"
R362,ALLERTON AVE,40.865481,-73.867393,"40.865481,-73.867393"
R363,BURKE AVE,40.871387,-73.867135,"40.871387,-73.867135"
R364,GUN HILL ROAD,40.877796,-73.866255,"40.877796,-73.866255"
R365,219 ST,40.883767,-73.862736,"40.883767,-73.862736"
R366,225 ST,40.887887,-73.860505,"40.887887,-73.860505"
R367,233 ST,40.893386,-73.857265,"40.893386,-73.857265"
R368,9 AVE,40.646343,-73.994551,"40.646343,-73.994551"
R369,FT HAMILTON PKY,40.640872,-73.994229,"40.640872,-73.994229"
R370,71 ST,40.619588,-73.998842,"40.619588,-73.998842"
R371,79 ST,40.613513,-74.000645,"40.613513,-74.000645"
R372,18 AVE,40.607958,-74.001782,"40.607958,-74.001782"
R373,20 AVE,40.604798,-73.998456,"40.604798,-73.998456"
R374,BAY PARKWAY,40.601898,-73.993821,"40.601898,-73.993821"
R375,NEW LOTS AVE,40.658748,-73.899472,"40.658748,-73.899472"
R376,EAST 105 ST,40.650625,-73.899558,"40.650625,-73.899558"
R377,FLUSHING AVE,40.700244,-73.941658,"40.700244,-73.941658"
R378,MYRTLE AVE,40.697266,-73.935692,"40.697266,-73.935692"
R379,KOSCIUSZKO ST,40.693329,-73.928826,"40.693329,-73.928826"
R380,GATES AVE,40.689652,-73.922281,"40.689652,-73.922281"
R381,HALSEY ST,40.68617,-73.916337,"40.68617,-73.916337"
R382,GRANT AVE,40.677107,-73.865376,"40.677107,-73.865376"
R383,HUDSON-80 ST,40.679369,-73.85896,"40.679369,-73.85896"
R384,BOYD-88 ST,40.679857,-73.851492,"40.679857,-73.851492"
R385,ROCKAWAY BLVD,40.680429,-73.843853,"40.680429,-73.843853"
R386,174 ST,40.837382,-73.887659,"40.837382,-73.887659"
R387,E TREMONT AVE,40.840097,-73.879774,"40.840097,-73.879774"
R388,E 180 ST,40.841882,-73.873551,"40.841882,-73.873551"
R389,BRONX PARK EAST,40.848797,-73.868465,"40.848797,-73.868465"
R390,8 AVE,40.635011,-74.011717,"40.635011,-74.011717"
R391,FT HAMILTON PKY,40.631428,-74.005387,"40.631428,-74.005387"
R392,18 AVE,40.620728,-73.990388,"40.620728,-73.990388"
R393,20 AVE,40.617373,-73.985088,"40.617373,-73.985088"
R394,BAY PKY-22 AVE,40.612006,-73.982009,"40.612006,-73.982009"
R395,KINGS HIGHWAY,40.603967,-73.980668,"40.603967,-73.980668"
R396,AVE U,40.597482,-73.979359,"40.597482,-73.979359"
R397,86 ST,40.592676,-73.978243,"40.592676,-73.978243"
R398,NEW UTRECHT AVE,40.625419,-73.996632,"40.625419,-73.996632"
R399,25 AVE,40.597873,-73.986955,"40.597873,-73.986955"
R400,BAY 50 ST,40.588879,-73.983629,"40.588879,-73.983629"
R401,CENTRAL AVE,40.697673,-73.927131,"40.697673,-73.927131"
R402,SENECA AVE,40.702798,-73.907776,"40.702798,-73.907776"
R403,FOREST AVE,40.704424,-73.903077,"40.704424,-73.903077"
R404,FRESH POND ROAD,40.706181,-73.89591,"40.706181,-73.89591"
R405,JACKSON AVE,40.816505,-73.907797,"40.816505,-73.907797"
R406,PROSPECT AVE,40.819396,-73.901467,"40.819396,-73.901467"
R407,INTERVALE-163,40.822172,-73.896747,"40.822172,-73.896747"
R408,SIMPSON ST,40.82417,-73.893228,"40.82417,-73.893228"
R409,FREEMAN ST,40.829966,-73.891876,"40.829966,-73.891876"
R411,PARK PLACE,40.67491,-73.957794,"40.67491,-73.957794"
R412,BOTANIC GARDEN,40.670499,-73.958759,"40.670499,-73.958759"
R413,KNICKERBOCKER,40.698666,-73.919685,"40.698666,-73.919685"
R414,HOWARD BCH-JFK,40.660476,-73.830301,"40.660476,-73.830301"
R415,BROAD CHANNEL,40.608693,-73.816068,"40.608693,-73.816068"
R416,BEACH 90 ST,40.588032,-73.813684,"40.588032,-73.813684"
R417,BEACH 98 ST,40.585514,-73.820143,"40.585514,-73.820143"
R418,BEACH 105 ST,40.583542,-73.82643,"40.583542,-73.82643"
R419,ROCKAWAY PK 116,40.580454,-73.837459,"40.580454,-73.837459"
R420,DITMAS AVE,40.63615,-73.978179,"40.63615,-73.978179"
R421,AVE I,40.625305,-73.975732,"40.625305,-73.975732"
R422,22 AVE-BAY PKY,40.620907,-73.975453,"40.620907,-73.975453"
R423,AVE N,40.615174,-73.974166,"40.615174,-73.974166"
R424,AVE P,40.609147,-73.972986,"40.609147,-73.972986"
R425,AVE U,40.596065,-73.973329,"40.596065,-73.973329"
R426,NEPTUNE AVE,40.580992,-73.974531,"40.580992,-73.974531"
R427,MIDDLETOWN ROAD,40.843635,-73.836687,"40.843635,-73.836687"
R428,BUHRE AVE,40.846817,-73.832545,"40.846817,-73.832545"
R429,PELHAM BAY PARK,40.852465,-73.828125,"40.852465,-73.828125"
R430,PELHAM PARKWAY,40.858973,-73.855355,"40.858973,-73.855355"
R431,DYRE AVE,40.888244,-73.83085,"40.888244,-73.83085"
R432,CHAUNCEY ST,40.682867,-73.91048,"40.682867,-73.91048"
R433,ALABAMA AVE,40.677107,-73.898871,"40.677107,-73.898871"
R434,VAN SICLEN AVE,40.678018,-73.891726,"40.678018,-73.891726"
R435,CLEVELAND ST,40.679938,-73.884687,"40.679938,-73.884687"
R436,NORWOOD AVE,40.681598,-73.880074,"40.681598,-73.880074"
R437,CRESCENT ST,40.683209,-73.873765,"40.683209,-73.873765"
R438,RALPH AVE,40.678815,-73.920801,"40.678815,-73.920801"
R439,ROCKAWAY AVE,40.67836,-73.911939,"40.67836,-73.911939"
R440,LIBERTY AVE,40.674552,-73.896554,"40.674552,-73.896554"
R441,VAN SICLEN AVE,40.672786,-73.890438,"40.672786,-73.890438"
R442,SHEPHERD AVE,40.674161,-73.880761,"40.674161,-73.880761"
R443,170 ST,40.839301,-73.913355,"40.839301,-73.913355"
R444,NEREID AVE,40.898382,-73.854389,"40.898382,-73.854389"
R445,138 ST-3 AVE,40.810512,-73.926165,"40.810512,-73.926165"
R446,BROOK AVE,40.808044,-73.919234,"40.808044,-73.919234"
R447,CYPRESS AVE,40.805737,-73.914471,"40.805737,-73.914471"
R448,E 143 ST,40.808742,-73.90769,"40.808742,-73.90769"
R449,E 149 ST,40.812104,-73.904085,"40.812104,-73.904085"
R450,LONGWOOD AVE,40.816083,-73.89606,"40.816083,-73.89606"
R451,WINTHROP ST,40.656648,-73.950198,"40.656648,-73.950198"
R452,72 ST,40.778575,-73.981912,"40.778575,-73.981912"
R453,23 ST-6 AVE,40.742981,-73.992727,"40.742981,-73.992727"
R454,PROSPECT AVE,40.665405,-73.992877,"40.665405,-73.992877"
R455,25 ST,40.66043,-73.997944,"40.66043,-73.997944"
R456,HOYT ST,40.690545,-73.985065,"40.690545,-73.985065"
R459,ORCHARD BEACH,40.852417,-73.828082,"40.852417,-73.828082"
R460,MARCY AVE,40.708377,-73.957751,"40.708377,-73.957751"
R461,BROADWAY/LAFAY,40.725297,-73.996204,"40.725297,-73.996204"
R462,CANAL ST,40.718697,-74.000977,"40.718697,-74.000977"
R463,CANAL ST,40.718697,-74.000977,"40.718697,-74.000977"
R464,AQUEDUCT TRACK,40.668221,-73.834026,"40.668221,-73.834026"
R468,RIT-MANHATTAN,40.761268,-73.964016,"40.761268,-73.964016"
R469,RIT-ROOSEVELT,40.7574,-73.954006,"40.7574,-73.954006"
R470,ELTINGVILLE PK,40.5446,-74.164581,"40.5446,-74.164581"
R535,JFK HOWARD BCH,40.660476,-73.830301,"40.660476,-73.830301"
R536,JFK JAMAICA CT1,40.643942,-73.782356,"40.643942,-73.782356"
R570,72 ST-2 AVE,40.7686869,-73.9584429,"40.7686869,-73.9584429"
R571,86 ST-2 AVE,40.7686862,-73.9584429,"40.7686862,-73.9584429"
R572,96 ST-2 AVE,40.7807028,-73.9494105,"40.7807028,-73.9494105"
